{"cameraMode":{"drawMode":0,"name":"Shaded","section":"Shading Mode"},"sceneLighting":true,"audioPlay":false,"sceneViewState":{"showFog":true,"showMaterialUpdate":false,"showSkybox":true,"showFlares":true,"showImageEffects":true,"showParticleSystems":true},"in2DMode":false,"pivot":{"x":-48.37653350830078,"y":-13.384254455566407,"z":-9.834521293640137},"rotation":{"x":-0.10686907917261124,"y":0.6926064491271973,"z":-0.10489395260810852,"w":-0.7056119441986084},"size":71.62114715576172,"orthographic":false}